LINKS,TITLE,DESCRIPTION
https://www.gsmarena.com/oneplus_8-10161.php,OnePlus 8 - Full phone specifications - GSMArena.com,"OnePlus 8 Android smartphone. Announced Apr 2020. Features 6.55″ display, Snapdragon 865 chipset, 4300 mAh battery, 256 GB storage, 12 GB RAM, Corning Gorilla Glass 5."
https://www.91mobiles.com/oneplus-8-price-in-india,"OnePlus 8 Price in India, Full Specs (12th February 2021) | …","08/06/2020 · OnePlus 8 packs an octa-core processor setup comprising of 2.84GHz single-core Kyro 585, 2.42GHz tri-core Kyro 585,and 1.8GHz quad-core, Kryo 585. It is seated on Qualcomm Snapdragon 865 chipset, which helps to handle the overall processing with great efficiency. There is an Adreno 650 GPU and a massive 6GB RAM."
bing.com/videos,"10:22
OnePlus 8 Review: Special No More!
3M views10 months ago
YouTubeMarques Brownlee","The OnePlus 8 has a 6.55-inch AMOLED panel with sloping sides, a wide colour gamut, and a hole-punch cutout in the upper left corner. The 90Hz refresh rate makes usage in general feel fluid and..."
bing.com/videos,"14:37
OnePlus 8 Review with Pros & Cons & My Thoughts
424K views8 months ago
YouTubeGeekyranjit","Envision speed The OnePlus 8 Pro's Fluid Engine ensures onscreen content flows seamlessly from one frame to the next, while innovative MEMC technology provides even smoother motion. Paired with a brilliant 17.2212cm (6.78″)QHD+ display* and 120 Hz refresh rate, it's love at first swipe."
https://gadgets.ndtv.com/oneplus-8-price-in-india-91438,"9:23
I Used OnePlus 8 for 7 Days! | Final Review
528K views8 months ago
YouTubeTechBar","The all new OnePlus 8 Powered by Qualcomm Snapdragon 865. Supports 5G Technology and comes equipped with 90hz Fliud display, a Rear Triple camera Setup with a capability to shoot 4K video @ 30/60 FPS."
https://www.oneplus.in/8-pro,"OnePlus 8 Price in India, Specifications, Comparison (11th …",Online shopping for OnePlus_8_series from a great selection at Electronics Store.
https://www.amazon.in/OnePlus-Glacial-Green-128GB-Storage/dp/B078BNQ318,OnePlus 8 Pro | Lead with Speed - OnePlus (India),"The OnePlus Band stands out for a feature that has gained importance over the last year – blood oxygen saturation (SpO2) monitoring. This feature is usually not available in some other fitness trackers, so the OnePlus Band becomes a compelling option for that reason alone."
https://www.amazon.in/b?node=21152978031,OnePlus 8 (Glacial Green 6GB RAM+128GB Storage): Amazon.in: …,"6.55-inch Fluid Display, 90 Hz refresh rate, Qualcomm® Snapdragon™ 865 and 5G, 48 MP Triple Camera."
https://www.oneplus.in,OnePlus 8 | Lead with Speed - OnePlus (United States),"The OnePlus 8 represents a culmination of trends. It brings the brand’s famously low-price, high-spec phones ever closer to, if not quite on par with, the polish of other flagship phones. In..."
https://www.oneplus.com/8,OnePlus 8 review | TechRadar,Both these phones come with great specifications and similar design as well but the OnePlus 8T seems to be a better option. Let's see-Processor: Both these phones come with the Qualcomm Snapdragon 865 processor. Battery: The OnePlus 8T has a battery of 4500 mAh with 65W fast charging support whereas the OnePlus 8 Pro has a battery of 4510 mAh with 30W fast charging support. The OnePlus 8T looks a …
https://www.techradar.com/uk/reviews/oneplus-8,"OnePlus 8 vs OnePlus 8T : Specs Comparison, Price Difference ...",Oppo
https://www.91mobiles.com/compare/OnePlus/8/vs/OnePlus/8T.html,"OnePlus 8
OnePlus 8 and OnePlus 8 Pro are Android-based smartphones manufactured by OnePlus, unveiled on April …",Xiaomi
